Tyree,test,0user@hotmail.com,100
Chassidy,test,1user@hotmail.com,100
Adah,test,2user@hotmail.com,100
Hesston,test,3user@hotmail.com,100
Claudia,test,4user@hotmail.com,100
Royal,test,5user@hotmail.com,100
Clemente,test,6user@hotmail.com,100
Ayrabella,test,7user@hotmail.com,100
Renesmae,test,8user@hotmail.com,100
Nolen,test,9user@hotmail.com,100
Delayna,test,10user@hotmail.com,100
Zyaire,test,11user@hotmail.com,100
Quincy,test,12user@hotmail.com,100
Rayla,test,13user@hotmail.com,100
Amber,test,14user@hotmail.com,100
Servando,test,15user@hotmail.com,100
Raymond,test,16user@hotmail.com,100
Jory,test,17user@hotmail.com,100
Kyrell,test,18user@hotmail.com,100
Marisela,test,19user@hotmail.com,100
Kamarion,test,20user@hotmail.com,100
Pierson,test,21user@hotmail.com,100
Reynaldo,test,22user@hotmail.com,100
Leia,test,23user@hotmail.com,100
Alanah,test,24user@hotmail.com,100
Jaretzy,test,25user@hotmail.com,100
Darrick,test,26user@hotmail.com,100
Golda,test,27user@hotmail.com,100
Zionna,test,28user@hotmail.com,100
Bodey,test,29user@hotmail.com,100
Donte,test,30user@hotmail.com,100
Eliah,test,31user@hotmail.com,100
Mei,test,32user@hotmail.com,100
Ian,test,33user@hotmail.com,100
Demian,test,34user@hotmail.com,100
Celina,test,35user@hotmail.com,100
Lilith,test,36user@hotmail.com,100
Yaritza,test,37user@hotmail.com,100
Leslie,test,38user@hotmail.com,100
Kingsley,test,39user@hotmail.com,100
Khushi,test,40user@hotmail.com,100
Jocelynne,test,41user@hotmail.com,100
Dekker,test,42user@hotmail.com,100
Karla,test,43user@hotmail.com,100
Rivky,test,44user@hotmail.com,100
Benyamin,test,45user@hotmail.com,100
Annalisa,test,46user@hotmail.com,100
Camilla,test,47user@hotmail.com,100
Rachael,test,48user@hotmail.com,100
Olivier,test,49user@hotmail.com,100
Vittoria,test,50user@hotmail.com,100
Landry,test,51user@hotmail.com,100
Adelaida,test,52user@hotmail.com,100
Davien,test,53user@hotmail.com,100
Azalia,test,54user@hotmail.com,100
Mele,test,55user@hotmail.com,100
Kiyah,test,56user@hotmail.com,100
Jhene,test,57user@hotmail.com,100
Jceon,test,58user@hotmail.com,100
Hope,test,59user@hotmail.com,100
Rilee,test,60user@hotmail.com,100
Seraphine,test,61user@hotmail.com,100
Merritt,test,62user@hotmail.com,100
Ziva,test,63user@hotmail.com,100
Alberto,test,64user@hotmail.com,100
Roberto,test,65user@hotmail.com,100
Charlene,test,66user@hotmail.com,100
Ryley,test,67user@hotmail.com,100
Rowan,test,68user@hotmail.com,100
Jayse,test,69user@hotmail.com,100
Yadriel,test,70user@hotmail.com,100
Navy,test,71user@hotmail.com,100
Brecken,test,72user@hotmail.com,100
Cohen,test,73user@hotmail.com,100
Cobe,test,74user@hotmail.com,100
Azaleah,test,75user@hotmail.com,100
Eshal,test,76user@hotmail.com,100
Andreya,test,77user@hotmail.com,100
Amiracle,test,78user@hotmail.com,100
Marlon,test,79user@hotmail.com,100
Ralph,test,80user@hotmail.com,100
Keirra,test,81user@hotmail.com,100
Kassidee,test,82user@hotmail.com,100
Eniyah,test,83user@hotmail.com,100
Wisdom,test,84user@hotmail.com,100
Gauge,test,85user@hotmail.com,100
Mehki,test,86user@hotmail.com,100
Duke,test,87user@hotmail.com,100
Nirvana,test,88user@hotmail.com,100
Zuleyka,test,89user@hotmail.com,100
Jordin,test,90user@hotmail.com,100
Taytum,test,91user@hotmail.com,100
Omer,test,92user@hotmail.com,100
Randal,test,93user@hotmail.com,100
Lyncoln,test,94user@hotmail.com,100
Shira,test,95user@hotmail.com,100
Joyce,test,96user@hotmail.com,100
Kennedie,test,97user@hotmail.com,100
Ellanora,test,98user@hotmail.com,100
Taylor,test,99user@hotmail.com,100